<?xml version="1.0"?>
<!DOCTYPE hibernate-mapping PUBLIC "-//Hibernate/Hibernate Mapping DTD 3.0//EN"
"http://www.hibernate.org/dtd/hibernate-mapping-3.0.dtd">
<!-- Generated Mar 17, 2016 8:35:35 PM by Hibernate Tools 4.3.1 -->
<hibernate-mapping>
    <class name="com.capstone.ics.model.Credentials" table="credentials" catalog="inventory_system" optimistic-lock="version">
        <id name="credentialsId" type="java.lang.Integer">
            <column name="CREDENTIALS_ID" />
            <generator class="identity" />
        </id>
        <property name="fkCrUserId" type="int">
            <column name="FK_CR_USER_ID" not-null="true" />
        </property>
        <property name="username" type="string">
            <column name="USERNAME" length="50" not-null="true" />
        </property>
        <property name="password" type="string">
            <column name="PASSWORD" length="50" not-null="true" />
        </property>
        <property name="isAdministrator" type="java.lang.Integer">
            <column name="IS_ADMINISTRATOR" />
        </property>
    </class>
</hibernate-mapping>
